/*
Navicat MySQL Data Transfer

Source Server         : ice61
Source Server Version : 50536
Source Host           : localhost:3306
Source Database       : chinalife

Target Server Type    : MYSQL
Target Server Version : 50536
File Encoding         : 65001

Date: 2020-09-07 16:57:28
*/

SET FOREIGN_KEY_CHECKS=0;

-- ----------------------------
-- Table structure for achievement
-- ----------------------------
DROP TABLE IF EXISTS `achievement`;
CREATE TABLE `achievement` (
  `clerk_id` varchar(10) NOT NULL COMMENT '员工工号',
  `score` int(11) NOT NULL DEFAULT '0',
  PRIMARY KEY (`clerk_id`)
) ENGINE=InnoDB DEFAULT CHARSET=utf8;

-- ----------------------------
-- Records of achievement
-- ----------------------------
INSERT INTO `achievement` VALUES ('17003001', '11');
INSERT INTO `achievement` VALUES ('17003002', '1');
INSERT INTO `achievement` VALUES ('17003003', '10');
INSERT INTO `achievement` VALUES ('17003004', '44');
INSERT INTO `achievement` VALUES ('17003005', '14');
INSERT INTO `achievement` VALUES ('17003006', '34');
INSERT INTO `achievement` VALUES ('17003007', '0');

-- ----------------------------
-- Table structure for auth
-- ----------------------------
DROP TABLE IF EXISTS `auth`;
CREATE TABLE `auth` (
  `id` int(5) NOT NULL AUTO_INCREMENT COMMENT '权限id',
  `alias` varchar(32) NOT NULL COMMENT '权限别名',
  `url` varchar(40) NOT NULL COMMENT '当前权限可访问的路径',
  `group_id` int(5) NOT NULL COMMENT '所属权限组的id',
  PRIMARY KEY (`id`)
) ENGINE=InnoDB AUTO_INCREMENT=44 DEFAULT CHARSET=utf8;

-- ----------------------------
-- Records of auth
-- ----------------------------
INSERT INTO `auth` VALUES ('4', '增添保单', '/api/insurance/add', '1');
INSERT INTO `auth` VALUES ('5', '查看保单（个人）', '/api/search/insurance/page/person', '1');
INSERT INTO `auth` VALUES ('7', '个人销量视图', '/api/search/score/person', '1');
INSERT INTO `auth` VALUES ('8', '个人险种比例视图', '/api/search/sort/person', '1');
INSERT INTO `auth` VALUES ('9', '个人已有权限', '/api/manauth/find/person', '1');
INSERT INTO `auth` VALUES ('10', '更改个人信息', '/api/clerk/update/person', '1');
INSERT INTO `auth` VALUES ('11', '辅助填单', '/api/search/client', '1');
INSERT INTO `auth` VALUES ('12', '查看保单', '/api/search/insurance/page', '2');
INSERT INTO `auth` VALUES ('13', '修改保单', '/api/insurance/update', '2');
INSERT INTO `auth` VALUES ('14', '删除保单', '/api/insurance/delete', '2');
INSERT INTO `auth` VALUES ('15', '查看授权记录', '/api/manauth/page', '3');
INSERT INTO `auth` VALUES ('16', '授权', '/api/manauth/add', '3');
INSERT INTO `auth` VALUES ('17', '查看员工权限', '/api/manauth/choose', '3');
INSERT INTO `auth` VALUES ('18', '解除员工权限', '/api/manauth/del', '3');
INSERT INTO `auth` VALUES ('19', '增添权限', '/api/auth/add', '4');
INSERT INTO `auth` VALUES ('20', '删除权限', '/api/auth/del', '4');
INSERT INTO `auth` VALUES ('21', '增添权限组', '/api/auth/add/group', '4');
INSERT INTO `auth` VALUES ('22', '查询权限组', '/api/auth/find/group', '4');
INSERT INTO `auth` VALUES ('24', '查看员工信息', '/api/search/clerk/page', '5');
INSERT INTO `auth` VALUES ('25', '修改员工信息', '/api/search/clerk/update', '5');
INSERT INTO `auth` VALUES ('26', '删除员工', '/api/clerk/del', '5');
INSERT INTO `auth` VALUES ('27', '员工业绩视图', '/api/search/score/clerkId', '5');
INSERT INTO `auth` VALUES ('28', '员工险种比例视图', '/api/search/sort/clerkId', '5');
INSERT INTO `auth` VALUES ('29', '查看客户信息', '/api/search/client/page', '6');
INSERT INTO `auth` VALUES ('30', '公司业绩视图', '/api/search/score/all', '7');
INSERT INTO `auth` VALUES ('31', '公司险种比例视图', '/api/search/sort/all', '7');
INSERT INTO `auth` VALUES ('32', '销售排行', '/api/search/score/rank', '7');
INSERT INTO `auth` VALUES ('34', '修改权限', '/api/auth/update', '4');
INSERT INTO `auth` VALUES ('35', '注册账号', '/api/clerk/register', '5');
INSERT INTO `auth` VALUES ('36', '浏览文件', '/api/pan/browse', '8');
INSERT INTO `auth` VALUES ('37', '管理文件', '/api/pan/manage', '8');
INSERT INTO `auth` VALUES ('38', '全文检索', '/api/pan/searchfiles', '8');
INSERT INTO `auth` VALUES ('39', '创建文件夹', '/api/pan/mkdir', '8');
INSERT INTO `auth` VALUES ('40', '文件上传', '/api/pan/upload', '8');
INSERT INTO `auth` VALUES ('41', '文件下载', '/api/pan/download', '8');
INSERT INTO `auth` VALUES ('42', '文件删除', '/api/pan/delete', '8');
INSERT INTO `auth` VALUES ('43', '文件重命名', '/api/pan/rename', '8');

-- ----------------------------
-- Table structure for auth_give
-- ----------------------------
DROP TABLE IF EXISTS `auth_give`;
CREATE TABLE `auth_give` (
  `id` bigint(20) NOT NULL AUTO_INCREMENT,
  `clerk_id` varchar(10) NOT NULL COMMENT '员工工号',
  `auth_id` int(5) NOT NULL COMMENT '权限id',
  `auth_alias` varchar(32) NOT NULL,
  `time` datetime NOT NULL COMMENT '授权时间',
  PRIMARY KEY (`id`)
) ENGINE=InnoDB AUTO_INCREMENT=221 DEFAULT CHARSET=utf8;

-- ----------------------------
-- Records of auth_give
-- ----------------------------
INSERT INTO `auth_give` VALUES ('7', '17003004', '16', '授权', '2019-04-07 14:59:07');
INSERT INTO `auth_give` VALUES ('18', '17003004', '15', '查看授权记录', '2019-04-07 15:18:29');
INSERT INTO `auth_give` VALUES ('19', '17003004', '17', '查看员工权限', '2019-04-07 15:18:29');
INSERT INTO `auth_give` VALUES ('20', '17003004', '18', '解除员工权限', '2019-04-07 15:18:29');
INSERT INTO `auth_give` VALUES ('37', '17003004', '4', '增添保单', '2019-05-18 10:27:41');
INSERT INTO `auth_give` VALUES ('39', '17003004', '7', '个人销量视图', '2019-05-18 10:27:41');
INSERT INTO `auth_give` VALUES ('40', '17003004', '8', '个人险种比例视图', '2019-05-18 10:27:41');
INSERT INTO `auth_give` VALUES ('41', '17003004', '9', '个人已有权限', '2019-05-18 10:27:41');
INSERT INTO `auth_give` VALUES ('42', '17003004', '10', '更改个人信息', '2019-05-18 10:27:41');
INSERT INTO `auth_give` VALUES ('43', '17003004', '11', '辅助填单', '2019-05-18 10:27:41');
INSERT INTO `auth_give` VALUES ('62', '11111111', '4', '增添保单', '2019-05-18 12:26:11');
INSERT INTO `auth_give` VALUES ('63', '11111111', '5', '查看保单（个人）', '2019-05-18 12:26:11');
INSERT INTO `auth_give` VALUES ('64', '11111111', '7', '个人销量视图', '2019-05-18 12:26:11');
INSERT INTO `auth_give` VALUES ('65', '11111111', '8', '个人险种比例视图', '2019-05-18 12:26:11');
INSERT INTO `auth_give` VALUES ('66', '11111111', '9', '个人已有权限', '2019-05-18 12:26:11');
INSERT INTO `auth_give` VALUES ('67', '11111111', '10', '更改个人信息', '2019-05-18 12:26:11');
INSERT INTO `auth_give` VALUES ('68', '11111111', '11', '辅助填单', '2019-05-18 12:26:11');
INSERT INTO `auth_give` VALUES ('72', '17003004', '19', '增添权限', '2019-05-21 14:20:36');
INSERT INTO `auth_give` VALUES ('73', '17003004', '20', '删除权限', '2019-05-21 14:20:36');
INSERT INTO `auth_give` VALUES ('74', '17003004', '21', '增添权限组', '2019-05-21 14:20:36');
INSERT INTO `auth_give` VALUES ('75', '17003004', '22', '查询权限组', '2019-05-21 14:20:36');
INSERT INTO `auth_give` VALUES ('76', '17003004', '34', '修改权限', '2019-05-21 14:20:36');
INSERT INTO `auth_give` VALUES ('77', '17003004', '24', '查看员工信息', '2019-05-21 16:00:19');
INSERT INTO `auth_give` VALUES ('78', '17003004', '25', '修改员工信息', '2019-05-21 16:01:13');
INSERT INTO `auth_give` VALUES ('79', '17003004', '26', '删除员工', '2019-05-21 16:01:13');
INSERT INTO `auth_give` VALUES ('80', '17003004', '27', '员工业绩视图', '2019-05-21 16:01:13');
INSERT INTO `auth_give` VALUES ('81', '17003004', '28', '员工险种比例视图', '2019-05-21 16:01:13');
INSERT INTO `auth_give` VALUES ('82', '17003004', '29', '查看客户信息', '2019-05-21 16:01:13');
INSERT INTO `auth_give` VALUES ('86', '17003004', '35', '注册账号', '2019-05-22 08:34:37');
INSERT INTO `auth_give` VALUES ('94', '17003006', '4', '增添保单', '2019-05-22 14:34:23');
INSERT INTO `auth_give` VALUES ('95', '17003006', '5', '查看保单（个人）', '2019-05-22 14:34:23');
INSERT INTO `auth_give` VALUES ('96', '17003006', '7', '个人销量视图', '2019-05-22 14:34:23');
INSERT INTO `auth_give` VALUES ('97', '17003006', '8', '个人险种比例视图', '2019-05-22 14:34:23');
INSERT INTO `auth_give` VALUES ('98', '17003006', '9', '个人已有权限', '2019-05-22 14:34:23');
INSERT INTO `auth_give` VALUES ('99', '17003006', '10', '更改个人信息', '2019-05-22 14:34:23');
INSERT INTO `auth_give` VALUES ('100', '17003006', '11', '辅助填单', '2019-05-22 14:34:23');
INSERT INTO `auth_give` VALUES ('101', '17003001', '4', '增添保单', '2019-05-22 14:35:43');
INSERT INTO `auth_give` VALUES ('102', '17003001', '5', '查看保单（个人）', '2019-05-22 14:35:43');
INSERT INTO `auth_give` VALUES ('103', '17003001', '7', '个人销量视图', '2019-05-22 14:35:43');
INSERT INTO `auth_give` VALUES ('104', '17003001', '8', '个人险种比例视图', '2019-05-22 14:35:43');
INSERT INTO `auth_give` VALUES ('105', '17003001', '9', '个人已有权限', '2019-05-22 14:35:43');
INSERT INTO `auth_give` VALUES ('106', '17003001', '10', '更改个人信息', '2019-05-22 14:35:43');
INSERT INTO `auth_give` VALUES ('107', '17003001', '11', '辅助填单', '2019-05-22 14:35:43');
INSERT INTO `auth_give` VALUES ('108', '17003002', '4', '增添保单', '2019-05-22 14:36:00');
INSERT INTO `auth_give` VALUES ('109', '17003002', '5', '查看保单（个人）', '2019-05-22 14:36:00');
INSERT INTO `auth_give` VALUES ('110', '17003002', '7', '个人销量视图', '2019-05-22 14:36:00');
INSERT INTO `auth_give` VALUES ('111', '17003002', '8', '个人险种比例视图', '2019-05-22 14:36:00');
INSERT INTO `auth_give` VALUES ('112', '17003002', '9', '个人已有权限', '2019-05-22 14:36:00');
INSERT INTO `auth_give` VALUES ('113', '17003002', '10', '更改个人信息', '2019-05-22 14:36:00');
INSERT INTO `auth_give` VALUES ('114', '17003002', '11', '辅助填单', '2019-05-22 14:36:00');
INSERT INTO `auth_give` VALUES ('115', '17003001', '12', '查看保单', '2019-05-22 14:45:39');
INSERT INTO `auth_give` VALUES ('116', '17003001', '13', '修改保单', '2019-05-22 14:45:39');
INSERT INTO `auth_give` VALUES ('117', '17003001', '14', '删除保单', '2019-05-22 14:45:39');
INSERT INTO `auth_give` VALUES ('118', '17003002', '30', '公司业绩视图', '2019-05-22 15:51:17');
INSERT INTO `auth_give` VALUES ('119', '17003002', '31', '公司险种比例视图', '2019-05-22 15:51:17');
INSERT INTO `auth_give` VALUES ('120', '17003002', '32', '销售排行', '2019-05-22 15:51:17');
INSERT INTO `auth_give` VALUES ('121', '17003001', '20', '删除权限', '2019-05-22 16:35:06');
INSERT INTO `auth_give` VALUES ('122', '17003001', '22', '查询权限组', '2019-05-22 16:35:06');
INSERT INTO `auth_give` VALUES ('123', '17003001', '30', '公司业绩视图', '2019-05-22 16:35:06');
INSERT INTO `auth_give` VALUES ('124', '17003001', '31', '公司险种比例视图', '2019-05-22 16:35:06');
INSERT INTO `auth_give` VALUES ('125', '17003001', '32', '销售排行', '2019-05-22 16:35:06');
INSERT INTO `auth_give` VALUES ('126', '17003006', '25', '修改员工信息', '2019-06-25 22:28:40');
INSERT INTO `auth_give` VALUES ('127', '17003006', '26', '删除员工', '2019-06-25 22:28:40');
INSERT INTO `auth_give` VALUES ('128', '17003006', '27', '员工业绩视图', '2019-06-25 22:28:40');
INSERT INTO `auth_give` VALUES ('129', '17003006', '28', '员工险种比例视图', '2019-06-25 22:28:40');
INSERT INTO `auth_give` VALUES ('130', '17003006', '30', '公司业绩视图', '2019-06-25 22:28:40');
INSERT INTO `auth_give` VALUES ('133', '17003006', '35', '注册账号', '2019-06-25 22:28:40');
INSERT INTO `auth_give` VALUES ('134', '17003006', '29', '查看客户信息', '2019-06-25 22:28:42');
INSERT INTO `auth_give` VALUES ('135', '17003006', '24', '查看员工信息', '2019-06-25 22:37:18');
INSERT INTO `auth_give` VALUES ('136', '17003006', '12', '查看保单', '2019-09-26 10:13:49');
INSERT INTO `auth_give` VALUES ('137', '17003006', '31', '公司险种比例视图', '2019-09-26 10:21:24');
INSERT INTO `auth_give` VALUES ('138', '17003006', '32', '销售排行', '2019-09-26 10:21:24');
INSERT INTO `auth_give` VALUES ('139', '17003004', '30', '公司业绩视图', '2019-09-26 14:08:17');
INSERT INTO `auth_give` VALUES ('140', '17003004', '31', '公司险种比例视图', '2019-09-26 14:08:17');
INSERT INTO `auth_give` VALUES ('141', '17003004', '32', '销售排行', '2019-09-26 14:08:17');
INSERT INTO `auth_give` VALUES ('142', '17003003', '4', '增添保单', '2019-09-27 10:36:00');
INSERT INTO `auth_give` VALUES ('143', '17003003', '5', '查看保单（个人）', '2019-09-27 10:36:00');
INSERT INTO `auth_give` VALUES ('144', '17003003', '7', '个人销量视图', '2019-09-27 10:36:00');
INSERT INTO `auth_give` VALUES ('145', '17003003', '8', '个人险种比例视图', '2019-09-27 10:36:00');
INSERT INTO `auth_give` VALUES ('146', '17003003', '9', '个人已有权限', '2019-09-27 10:36:00');
INSERT INTO `auth_give` VALUES ('147', '17003003', '10', '更改个人信息', '2019-09-27 10:36:00');
INSERT INTO `auth_give` VALUES ('148', '17003003', '11', '辅助填单', '2019-09-27 10:36:00');
INSERT INTO `auth_give` VALUES ('149', '17003003', '12', '查看保单', '2019-09-27 10:36:00');
INSERT INTO `auth_give` VALUES ('150', '17003003', '13', '修改保单', '2019-09-27 10:36:00');
INSERT INTO `auth_give` VALUES ('151', '17003003', '14', '删除保单', '2019-09-27 10:36:00');
INSERT INTO `auth_give` VALUES ('152', '17003003', '30', '公司业绩视图', '2019-09-27 10:36:00');
INSERT INTO `auth_give` VALUES ('153', '17003003', '31', '公司险种比例视图', '2019-09-27 10:36:00');
INSERT INTO `auth_give` VALUES ('154', '17003003', '32', '销售排行', '2019-09-27 10:36:00');
INSERT INTO `auth_give` VALUES ('156', '17003004', '5', '查看保单（个人）', '2019-09-28 14:27:05');
INSERT INTO `auth_give` VALUES ('157', '17003004', '12', '查看保单', '2019-09-28 14:27:05');
INSERT INTO `auth_give` VALUES ('158', '17003004', '13', '修改保单', '2019-09-28 14:27:05');
INSERT INTO `auth_give` VALUES ('159', '17003004', '14', '删除保单', '2019-09-28 14:27:05');
INSERT INTO `auth_give` VALUES ('160', '17003005', '4', '增添保单', '2019-09-28 15:16:04');
INSERT INTO `auth_give` VALUES ('161', '17003005', '5', '查看保单（个人）', '2019-09-28 15:16:04');
INSERT INTO `auth_give` VALUES ('162', '17003005', '7', '个人销量视图', '2019-09-28 15:16:04');
INSERT INTO `auth_give` VALUES ('163', '17003005', '8', '个人险种比例视图', '2019-09-28 15:16:04');
INSERT INTO `auth_give` VALUES ('164', '17003005', '9', '个人已有权限', '2019-09-28 15:16:04');
INSERT INTO `auth_give` VALUES ('165', '17003005', '10', '更改个人信息', '2019-09-28 15:16:04');
INSERT INTO `auth_give` VALUES ('166', '17003005', '11', '辅助填单', '2019-09-28 15:16:04');
INSERT INTO `auth_give` VALUES ('167', '17003005', '24', '查看员工信息', '2019-12-06 16:29:38');
INSERT INTO `auth_give` VALUES ('170', '17003005', '27', '员工业绩视图', '2019-12-06 16:29:38');
INSERT INTO `auth_give` VALUES ('171', '17003005', '28', '员工险种比例视图', '2019-12-06 16:29:38');
INSERT INTO `auth_give` VALUES ('172', '17003005', '35', '注册账号', '2019-12-06 16:29:38');
INSERT INTO `auth_give` VALUES ('178', '17003005', '12', '查看保单', '2019-12-06 16:52:56');
INSERT INTO `auth_give` VALUES ('179', '17003005', '13', '修改保单', '2019-12-06 16:52:56');
INSERT INTO `auth_give` VALUES ('180', '17003005', '14', '删除保单', '2019-12-06 16:52:56');
INSERT INTO `auth_give` VALUES ('181', '17003005', '25', '修改员工信息', '2019-12-06 16:52:56');
INSERT INTO `auth_give` VALUES ('182', '17003005', '26', '删除员工', '2019-12-06 16:52:56');
INSERT INTO `auth_give` VALUES ('183', '17003005', '29', '查看客户信息', '2019-12-06 16:52:56');
INSERT INTO `auth_give` VALUES ('192', '17003005', '30', '公司业绩视图', '2019-12-21 15:47:30');
INSERT INTO `auth_give` VALUES ('193', '17003005', '31', '公司险种比例视图', '2019-12-21 15:47:30');
INSERT INTO `auth_give` VALUES ('194', '17003005', '32', '销售排行', '2019-12-21 15:47:30');
INSERT INTO `auth_give` VALUES ('195', '17003004', '36', '浏览文件', '2020-07-27 23:43:46');
INSERT INTO `auth_give` VALUES ('197', '17003004', '38', '全文检索', '2020-07-27 23:43:46');
INSERT INTO `auth_give` VALUES ('198', '17003004', '39', '创建文件夹', '2020-07-27 23:43:46');
INSERT INTO `auth_give` VALUES ('199', '17003004', '40', '文件上传', '2020-07-28 21:36:08');
INSERT INTO `auth_give` VALUES ('200', '17003004', '41', '文件下载', '2020-07-29 16:04:01');
INSERT INTO `auth_give` VALUES ('201', '17003004', '42', '文件删除', '2020-07-30 13:10:13');
INSERT INTO `auth_give` VALUES ('202', '17003004', '43', '文件重命名', '2020-07-30 13:10:13');
INSERT INTO `auth_give` VALUES ('205', '17003004', '37', '管理文件', '2020-07-30 23:43:41');
INSERT INTO `auth_give` VALUES ('206', '17003007', '4', '增添保单', '2020-07-31 13:09:19');
INSERT INTO `auth_give` VALUES ('207', '17003007', '5', '查看保单（个人）', '2020-07-31 13:09:19');
INSERT INTO `auth_give` VALUES ('208', '17003007', '7', '个人销量视图', '2020-07-31 13:09:19');
INSERT INTO `auth_give` VALUES ('209', '17003007', '8', '个人险种比例视图', '2020-07-31 13:09:19');
INSERT INTO `auth_give` VALUES ('210', '17003007', '9', '个人已有权限', '2020-07-31 13:09:19');
INSERT INTO `auth_give` VALUES ('211', '17003007', '10', '更改个人信息', '2020-07-31 13:09:19');
INSERT INTO `auth_give` VALUES ('212', '17003007', '11', '辅助填单', '2020-07-31 13:09:19');
INSERT INTO `auth_give` VALUES ('213', '17003007', '36', '浏览文件', '2020-07-31 13:09:19');
INSERT INTO `auth_give` VALUES ('214', '17003007', '38', '全文检索', '2020-07-31 13:09:19');
INSERT INTO `auth_give` VALUES ('215', '17003007', '39', '创建文件夹', '2020-07-31 13:09:19');
INSERT INTO `auth_give` VALUES ('216', '17003007', '40', '文件上传', '2020-07-31 13:09:19');
INSERT INTO `auth_give` VALUES ('217', '17003007', '41', '文件下载', '2020-07-31 13:09:19');
INSERT INTO `auth_give` VALUES ('218', '17003007', '30', '公司业绩视图', '2020-07-31 13:09:27');
INSERT INTO `auth_give` VALUES ('219', '17003007', '31', '公司险种比例视图', '2020-07-31 13:09:27');
INSERT INTO `auth_give` VALUES ('220', '17003007', '32', '销售排行', '2020-07-31 13:09:27');

-- ----------------------------
-- Table structure for auth_group
-- ----------------------------
DROP TABLE IF EXISTS `auth_group`;
CREATE TABLE `auth_group` (
  `id` int(5) NOT NULL COMMENT '权限组id',
  `alias` varchar(32) NOT NULL COMMENT '权限组别名',
  PRIMARY KEY (`id`)
) ENGINE=InnoDB DEFAULT CHARSET=utf8;

-- ----------------------------
-- Records of auth_group
-- ----------------------------
INSERT INTO `auth_group` VALUES ('1', '个人中心');
INSERT INTO `auth_group` VALUES ('2', '保单中心');
INSERT INTO `auth_group` VALUES ('3', '授权中心');
INSERT INTO `auth_group` VALUES ('4', '权限中心');
INSERT INTO `auth_group` VALUES ('5', '员工中心');
INSERT INTO `auth_group` VALUES ('6', '客户中心');
INSERT INTO `auth_group` VALUES ('7', '视图中心');
INSERT INTO `auth_group` VALUES ('8', '文件中心');

-- ----------------------------
-- Table structure for clerk
-- ----------------------------
DROP TABLE IF EXISTS `clerk`;
CREATE TABLE `clerk` (
  `id` varchar(10) NOT NULL COMMENT '员工工号',
  `instiution` varchar(8) NOT NULL COMMENT '机构号',
  `name` varchar(32) NOT NULL COMMENT '员工姓名',
  `sex` tinyint(4) NOT NULL COMMENT '性别',
  `birthday` date NOT NULL COMMENT '生日',
  `phone` varchar(11) NOT NULL COMMENT '电话号码',
  `image` varchar(128) NOT NULL COMMENT '头像地址',
  `password` varchar(32) NOT NULL COMMENT '密码',
  `salt` varchar(32) NOT NULL COMMENT '盐',
  `created` datetime NOT NULL COMMENT '账号添加时间',
  `updated` datetime NOT NULL COMMENT '密码最终修改时间',
  PRIMARY KEY (`id`)
) ENGINE=InnoDB DEFAULT CHARSET=utf8;

-- ----------------------------
-- Records of clerk
-- ----------------------------
INSERT INTO `clerk` VALUES ('17003001', '888888', '毕研妍', '0', '1999-08-29', '17376487836', 'http://image.chinalife.com/group1/M00/00/00/wKgrslzj8jKAbZ75AABHy4IMKZ0073.jpg', '632210483ebf027ff8d8f3e6d4cb07af', '7cabe7912abd433e8d9531053bd4ce8b', '2019-05-22 13:49:49', '2019-07-02 22:24:28');
INSERT INTO `clerk` VALUES ('17003002', '555555', '张子宁', '0', '1998-05-10', '13317730023', 'http://image.chinalife.com/group1/M00/00/00/wKgrslzj9hCAJVsOAABoTWtaeho439.jpg', 'bdb5364ac4f2dbc4457419fe4e8f17d3', '83e5d14725d34e618726b271a9d5f4dc', '2019-05-22 14:05:19', '2019-05-22 14:05:19');
INSERT INTO `clerk` VALUES ('17003003', '111111', '陆任贵', '1', '1999-09-09', '15777706406', 'http://image.chinalife.com/group1/M00/00/00/wKgrsl2MhEOAX_qDAAFgb84mfQ4279.jpg', 'c08840849cad89fa3ea181a6518f6fde', 'c64d02278b8a46a5b2b3f5978a951b77', '2019-09-27 10:34:50', '2019-09-27 10:34:50');
INSERT INTO `clerk` VALUES ('17003004', '111111', '闫泳冰', '1', '1999-06-01', '13605322499', 'http://image.chinalife.com/group1/M00/00/00/wKgrslyooxOAMHJWAAC6oAZ1A9I626.jpg', 'a5ea6c43fd957a8b0404b643d0bdd9f3', 'adce2bcf69c34deba507eedef4645b49', '2019-04-07 14:05:25', '2019-06-04 21:54:44');
INSERT INTO `clerk` VALUES ('17003005', '333333', '戴宁', '1', '1998-05-15', '18277954015', 'http://image.chinalife.com/group1/M00/00/00/wKgrslzj8SGAG-lbAACWcyxfvWc251.jpg', 'fe87c613734a389d72cc35ddde3bf7f7', '63e7751a6a5747db956840094f4f0e6b', '2019-05-22 13:44:49', '2020-06-30 23:11:04');
INSERT INTO `clerk` VALUES ('17003006', '888888', '张翼航', '1', '1998-10-15', '15936315193', 'http://image.chinalife.com/group1/M00/00/00/wKgrslzj9nGAYinBAABzmpcHz_c125.jpg', 'db216e99b980ea49392f4fbd2b13956f', '83706a0ba29d497a997f74c04845f1a1', '2019-05-22 14:07:05', '2019-06-25 22:27:54');
INSERT INTO `clerk` VALUES ('17003007', '888888', '尤嘉铖', '1', '1999-07-03', '15677376812', 'http://image.chinalife.com/group1/M00/00/00/wKgrsl8isISAMl7lAABaGt9CFpQ216.jpg', 'a788cbf091545b860d0c5dc1c75d7046', 'd1ffd98b6f43476e8a488380ce37f726', '2020-07-31 13:08:20', '2020-07-31 13:08:20');

-- ----------------------------
-- Table structure for client
-- ----------------------------
DROP TABLE IF EXISTS `client`;
CREATE TABLE `client` (
  `id` varchar(20) NOT NULL COMMENT '客户身份证号码',
  `name` varchar(32) NOT NULL COMMENT '客户姓名',
  `birthday` date NOT NULL COMMENT '客户生日',
  `sex` tinyint(4) NOT NULL COMMENT '性别',
  `phone` varchar(11) NOT NULL COMMENT '联系方式',
  `image` varchar(128) NOT NULL COMMENT '照片地址',
  PRIMARY KEY (`id`)
) ENGINE=InnoDB DEFAULT CHARSET=utf8;

-- ----------------------------
-- Records of client
-- ----------------------------
INSERT INTO `client` VALUES ('330702197108020812', '孙民华', '1971-08-02', '1', '18551946625', '???');
INSERT INTO `client` VALUES ('330702197410120494', '程晓明', '1974-10-12', '1', '19351946625', 'http://image.chinalife.com/group1/M00/00/00/wKgrslyvQWOACKVbAABoTWtaeho611.jpg');
INSERT INTO `client` VALUES ('33071919610920021X', '孙士儒', '1961-09-20', '1', '18551946625', 'http://image.chinalife.com/group1/M00/00/00/wKgrslyvQWOACKVbAABoTWtaeho611.jpg');
INSERT INTO `client` VALUES ('330719196804253671', '孙美洪', '1971-08-02', '0', '18551946625', 'http://image.chinalife.com/group1/M00/00/00/wKgrslyvQWOACKVbAABoTWtaeho611.jpg');
INSERT INTO `client` VALUES ('330721196312274419', '陈东林', '1963-12-27', '1', '15819118899', '????');
INSERT INTO `client` VALUES ('330721197802075417', '陈国良', '1978-02-09', '1', '13651946625', 'http://image.chinalife.com/group1/M00/00/00/wKgrslyvQWOACKVbAABoTWtaeho611.jpg');
INSERT INTO `client` VALUES ('33072219510409671X', '李金暖', '1951-04-09', '0', '13103710555', '????');
INSERT INTO `client` VALUES ('330722195703104910', '应正时', '1957-03-10', '1', '18761677888', '????');
INSERT INTO `client` VALUES ('330722196002062134', '李杰新', '1960-02-06', '1', '13728957788', '????');
INSERT INTO `client` VALUES ('330722196912192317', '周忠飞', '1969-12-19', '1', '13651946625', 'http://image.chinalife.com/group1/M00/00/00/wKgrslyvQWOACKVbAABoTWtaeho611.jpg');
INSERT INTO `client` VALUES ('330722197001063447', '应振叶', '2012-10-09', '1', '19305425887', '???');
INSERT INTO `client` VALUES ('330722197201063417', '应志军', '1972-01-06', '1', '13824361777', '????');
INSERT INTO `client` VALUES ('33072219730829643X', '李江海', '1973-08-29', '1', '18751993999', '????');
INSERT INTO `client` VALUES ('330722197702204513', '应志远', '1977-02-20', '1', '13091020123', '????');
INSERT INTO `client` VALUES ('330722198209162810', '应跃', '1982-09-16', '0', '18603310123', '????');
INSERT INTO `client` VALUES ('330724196103250014', '李健民', '1961-03-25', '1', '18835522111', '????');
INSERT INTO `client` VALUES ('330724196502081051', '周志团', '1965-02-08', '1', '18551946625', 'http://image.chinalife.com/group1/M00/00/00/wKgrslyvQWOACKVbAABoTWtaeho611.jpg');
INSERT INTO `client` VALUES ('330726197610252935', '陈东川', '1976-10-25', '0', '17661555551', '????');
INSERT INTO `client` VALUES ('410531200012020013', '龚俊涛', '1998-06-10', '1', '15577968840', '???');
INSERT INTO `client` VALUES ('45031219980701002X', '王玉明', '1999-06-22', '1', '18577354015', '???');
INSERT INTO `client` VALUES ('450512199911021', 'daining', '1998-11-12', '1', '18277999385', 'http://image.chinalife.com/group1/M00/00/00/wKgrslyvQWOACKVbAABoTWtaeho611.jpg');
INSERT INTO `client` VALUES ('450512199911090010', '赵乔一', '2000-01-03', '0', '17877911335', '???');
INSERT INTO `client` VALUES ('451512199811090018', '黄春梅', '2001-05-08', '0', '18877355241', '???');

-- ----------------------------
-- Table structure for insurance
-- ----------------------------
DROP TABLE IF EXISTS `insurance`;
CREATE TABLE `insurance` (
  `order_id` bigint(65) NOT NULL COMMENT '保单号',
  `client_id` varchar(20) NOT NULL COMMENT '投保人身份证号码',
  `client_name` varchar(32) NOT NULL,
  `sex` tinyint(4) NOT NULL,
  `phone` varchar(11) NOT NULL,
  `image` varchar(128) NOT NULL,
  `birthday` date NOT NULL,
  `sort` varchar(32) NOT NULL COMMENT '保险种类',
  `money` double(11,0) NOT NULL COMMENT '保金',
  `clientf_id` varchar(20) NOT NULL COMMENT '投保人1身份证',
  `clientf_name` varchar(32) NOT NULL COMMENT '投保人1姓名',
  `clients_id` varchar(20) NOT NULL COMMENT '投保人2身份证',
  `clients_name` varchar(32) NOT NULL COMMENT '投保人2姓名',
  `clerk_id` varchar(10) NOT NULL COMMENT '经手员工工号',
  `created` datetime NOT NULL COMMENT '保单创建时间',
  `updated` datetime NOT NULL COMMENT '最终改动时间',
  PRIMARY KEY (`order_id`)
) ENGINE=InnoDB DEFAULT CHARSET=utf8;

-- ----------------------------
-- Records of insurance
-- ----------------------------
INSERT INTO `insurance` VALUES ('1131013518737412096', '330721197802075417', '陈国良', '1', '13651946625', 'http://image.chinalife.com/group1/M00/00/00/wKgrslyvQWOACKVbAABoTWtaeho611.jpg', '1978-02-09', '旅游险', '1888', '330722196812033634', '程小高', '330702197410120494', '程晓明', '17003004', '2019-02-15 21:55:44', '2019-02-15 21:55:44');
INSERT INTO `insurance` VALUES ('1131014002990780416', '330702197410120494', '程晓明', '1', '13651946625', 'http://image.chinalife.com/group1/M00/00/00/wKgrslyvQWOACKVbAABoTWtaeho611.jpg', '1978-02-09', '旅游险', '1888', '330722196812033634', '程小高', '330722197010250033', '程兴旺', '17003004', '2019-03-11 21:55:44', '2019-03-11 21:55:44');
INSERT INTO `insurance` VALUES ('1131014330607865856', '330702197410120494', '程晓明', '1', '19351946625', 'http://image.chinalife.com/group1/M00/00/00/wKgrslyvQWOACKVbAABoTWtaeho611.jpg', '1974-10-12', '健康险', '1888', '330722196812033634', '程小高', '330722197010250033', '程兴旺', '17003004', '2019-04-01 21:55:44', '2019-04-01 21:55:44');
INSERT INTO `insurance` VALUES ('1131014451022139392', '330702197410120494', '程晓明', '1', '19351946625', 'http://image.chinalife.com/group1/M00/00/00/wKgrslyvQWOACKVbAABoTWtaeho611.jpg', '1974-10-12', '分红险', '1888', '330722196812033634', '程小高', '330722197010250033', '程兴旺', '17003004', '2019-04-01 21:50:44', '2019-04-01 21:50:44');
INSERT INTO `insurance` VALUES ('1131074520300523520', '450512199911090010', '赵乔一', '0', '17877911335', '???', '2000-01-03', '补充医疗险', '5000', '450512199911090010', '赵乔一', '李悦', '450512199811090221', '17003005', '2019-05-22 13:49:14', '2019-05-22 13:49:14');
INSERT INTO `insurance` VALUES ('1131075279926726656', '45031219980701002X', '王玉明', '1', '18577354015', '???', '1999-06-22', '健康险', '3500', '45031219980701002X', '王玉明', '450621198811252310', '王天华', '17003005', '2019-05-22 13:52:15', '2019-05-22 13:52:15');
INSERT INTO `insurance` VALUES ('1131075952298823680', '410531200012020013', '龚俊涛', '1', '15577968840', '???', '1998-06-10', '财产险', '6000', '410531200012020013', '龚俊涛', '41053120001202011X', '梁冬鹏', '17003005', '2019-05-22 13:54:56', '2019-05-22 13:54:56');
INSERT INTO `insurance` VALUES ('1131076403006148608', '451512199811090018', '黄春梅', '0', '18877355241', '???', '2001-05-08', '补充医疗险', '2800', '451512199811090018', '黄春梅', '421512199811291018', '黄丽华', '17003005', '2019-05-22 13:56:43', '2019-05-22 13:56:43');
INSERT INTO `insurance` VALUES ('1131087213141037056', '330724196103250014', '李健民', '1', '18597970885', '???', '1998-05-13', '补充医疗险', '8000', '330722196002062134', '李杰新', '330722196508036718', '李金红', '17003001', '2019-05-22 14:39:40', '2019-05-22 14:39:40');
INSERT INTO `insurance` VALUES ('1131106063731527680', '33072219510409671X', '李金暖', '1', '13896823975', '???', '2009-05-14', '旅游险', '900', '330722196508036718', '李金红', '340828197602236214', '李结峰', '17003002', '2019-05-22 15:54:35', '2019-05-22 15:54:35');
INSERT INTO `insurance` VALUES ('1143526836379193344', '330702197108020812', '孙民华', '1', '18551946625', '???', '1971-08-02', '健康险', '8888', '330719196804253671', '孙美洪', '330721197010040515', '	孙其绥', '17003006', '2019-06-25 22:30:18', '2019-06-25 22:30:18');
INSERT INTO `insurance` VALUES ('1177402277720363008', '330721196312274419', '陈东林', '1', '15819118899', '????', '1963-12-27', '财产险', '3364', '330725196803040057', '王志燕', '330722197710053612', '程雄建', '17003006', '2018-06-08 22:01:41', '2018-06-08 22:01:41');
INSERT INTO `insurance` VALUES ('1177402643337842688', '330722198209162810', '应跃', '0', '18603310123', '????', '1982-09-16', '补充医疗险', '3555', '330722197410200027', '程艳敏', '330722195105090424', '朱爱琴', '17003006', '2015-09-05 23:32:27', '2015-09-05 23:32:27');
INSERT INTO `insurance` VALUES ('1177402845843034112', '330726197610252935', '陈东川', '0', '17661555551', '????', '1976-10-25', '旅游险', '6728', '330721195304162615', '王志泽', '612301197811242717', '程烨', '17003006', '2014-03-21 05:20:51', '2014-03-21 05:20:51');
INSERT INTO `insurance` VALUES ('1177402858803433472', '330722196002062134', '李杰新', '1', '13728957788', '????', '1960-02-06', '财产险', '8988', '332624196909074431', '王中法', '330702197601286024', '孙霞', '17003006', '2017-09-24 00:36:52', '2017-09-24 00:36:52');
INSERT INTO `insurance` VALUES ('1177402868999786496', '330721196312274419', '陈东林', '1', '15819118899', '????', '1963-12-27', '分红险', '5127', '33072419490711561X', '葛世美', '330722196905111216', '朱炳进', '17003006', '2018-09-06 11:13:52', '2018-09-06 11:13:52');
INSERT INTO `insurance` VALUES ('1177402964202098688', '33072219730829643X', '李江海', '1', '18751993999', '????', '1973-08-29', '补充医疗险', '853', '330721197801085410', '王志平', '330722197710053612', '程雄建', '17003006', '2015-11-23 02:44:23', '2015-11-23 02:44:23');
INSERT INTO `insurance` VALUES ('1177402969092657152', '33072219730829643X', '李江海', '1', '18751993999', '????', '1973-08-29', '补充医疗险', '7157', '330721195304162615', '王志泽', '330702196310070827', '朱爱仙', '17003006', '2017-05-02 18:00:42', '2017-05-02 18:00:42');
INSERT INTO `insurance` VALUES ('1177402972729118720', '330722197201063417', '应志军', '1', '13824361777', '????', '1972-01-06', '健康险', '10162', '330721197801085410', '王志平', '330727197202094428', '周竹芳', '17003006', '2018-05-08 21:20:55', '2018-05-08 21:20:55');
INSERT INTO `insurance` VALUES ('1177402976382357504', '330721196312274419', '陈东林', '1', '15819118899', '????', '1963-12-27', '补充医疗险', '8180', '332624196909074431', '王中法', '330702197601286024', '孙霞', '17003006', '2014-04-08 02:45:57', '2014-04-08 02:45:57');
INSERT INTO `insurance` VALUES ('1177402980031401984', '33072219730829643X', '李江海', '1', '18751993999', '????', '1973-08-29', '财产险', '646', '330724196402111014', '葛天军', '330724197812150715', '陈东东', '17003006', '2014-05-01 16:37:36', '2014-05-01 16:37:36');
INSERT INTO `insurance` VALUES ('1177402983781109760', '330726197610252935', '陈东川', '0', '17661555551', '????', '1976-10-25', '旅游险', '4016', '330721195304162615', '王志泽', 'A3072519610822411X', '孙伟戟', '17003006', '2015-08-17 00:40:58', '2015-08-17 00:40:58');
INSERT INTO `insurance` VALUES ('1177403243932815360', '330722198209162810', '应跃', '0', '18603310123', '????', '1982-09-16', '财产险', '5641', '360211196810085915', '王忠', '330702197601286024', '孙霞', '17003006', '2014-02-19 10:43:43', '2014-02-19 10:43:43');
INSERT INTO `insurance` VALUES ('1177403249880338432', '330722197201063417', '应志军', '1', '13824361777', '????', '1972-01-06', '财产险', '1212', '339005198110144818', '葛明明', '330722197710053612', '程雄建', '17003006', '2018-04-14 18:19:56', '2018-04-14 18:19:56');
INSERT INTO `insurance` VALUES ('1177403253395165184', '330722198209162810', '应跃', '0', '18603310123', '????', '1982-09-16', '旅游险', '1092', '339005198110144818', '葛明明', 'A3072519610822411X', '孙伟戟', '17003006', '2016-01-05 01:01:30', '2016-01-05 01:01:30');
INSERT INTO `insurance` VALUES ('1177403258797428736', '330724196103250014', '李健民', '1', '18835522111', '????', '1961-03-25', '财产险', '1227', '330725196803040057', '王志燕', 'A3072519610822411X', '孙伟戟', '17003006', '2016-04-20 07:09:06', '2016-04-20 07:09:06');
INSERT INTO `insurance` VALUES ('1177403261427257344', '330721196312274419', '陈东林', '1', '15819118899', '????', '1963-12-27', '财产险', '3138', '330721197801085410', '王志平', '612301197811242717', '程烨', '17003006', '2016-09-01 19:05:27', '2016-09-01 19:05:27');
INSERT INTO `insurance` VALUES ('1177403263922868224', '330722195703104910', '应正时', '1', '18761677888', '????', '1957-03-10', '分红险', '9818', '339005198110144818', '葛明明', '330722196905111216', '朱炳进', '17003006', '2016-02-20 20:47:37', '2016-02-20 20:47:37');
INSERT INTO `insurance` VALUES ('1177403592232013824', '330721196312274419', '陈东林', '1', '15819118899', '????', '1963-12-27', '财产险', '1887', '339005198110144818', '葛明明', '612301197811242717', '程烨', '17003006', '2016-12-21 05:10:48', '2016-12-21 05:10:48');
INSERT INTO `insurance` VALUES ('1177403595402907648', '330722197702204513', '应志远', '1', '13091020123', '????', '1977-02-20', '分红险', '8941', '330725196803040057', '王志燕', '330727197202094428', '周竹芳', '17003006', '2017-01-03 00:18:31', '2017-01-03 00:18:31');
INSERT INTO `insurance` VALUES ('1177403597864964096', '330722197702204513', '应志远', '1', '13091020123', '????', '1977-02-20', '分红险', '5223', '330721197801085410', '王志平', '330702197601286024', '孙霞', '17003006', '2016-09-09 20:34:32', '2016-09-09 20:34:32');
INSERT INTO `insurance` VALUES ('1177404846874169344', '33072219510409671X', '李金暖', '0', '13103710555', '????', '1951-04-09', '分红险', '5629', '330721197801085410', '王志平', '330727197202094428', '周竹芳', '17003006', '2017-02-17 15:42:28', '2017-02-17 15:42:28');
INSERT INTO `insurance` VALUES ('1177404850116366336', '330722198209162810', '应跃', '0', '18603310123', '????', '1982-09-16', '健康险', '1732', '360211196810085915', '王忠', '330722196905111216', '朱炳进', '17003006', '2015-02-25 16:48:52', '2015-02-25 16:48:52');
INSERT INTO `insurance` VALUES ('1177404852767166464', '330724196103250014', '李健民', '1', '18835522111', '????', '1961-03-25', '补充医疗险', '2534', '339005198110144818', '葛明明', '330722195105090424', '朱爱琴', '17003006', '2018-05-22 07:39:52', '2018-05-22 07:39:52');
INSERT INTO `insurance` VALUES ('1177408382257205248', '330721196312274419', '陈东林', '1', '15819118899', '????', '1963-12-27', '财产险', '9286', '330725196803040057', '王志燕', '330727197202094428', '周竹芳', '17003006', '2018-03-21 03:20:52', '2018-03-21 03:20:52');
INSERT INTO `insurance` VALUES ('1177408382257205249', '330721196312274419', '陈东林', '1', '15819118899', '????', '1963-12-27', '健康险', '1292', '330721197801085410', '王志平', '612301197811242717', '程烨', '17003006', '2014-07-17 17:10:10', '2014-07-17 17:10:10');
INSERT INTO `insurance` VALUES ('1177408382257205250', '33072219730829643X', '李江海', '1', '18751993999', '????', '1973-08-29', '健康险', '10083', '360211196810085915', '王忠', 'A3072519610822411X', '孙伟戟', '17003006', '2016-12-26 22:24:36', '2016-12-26 22:24:36');
INSERT INTO `insurance` VALUES ('1177408382261399552', '330724196103250014', '李健民', '1', '18835522111', '????', '1961-03-25', '财产险', '1638', '330721197801085410', '王志平', '330727197202094428', '周竹芳', '17003006', '2018-04-10 04:49:26', '2018-04-10 04:49:26');
INSERT INTO `insurance` VALUES ('1177408382278176768', '330722197201063417', '应志军', '1', '13824361777', '????', '1972-01-06', '健康险', '1198', '330724196402111014', '葛天军', '330702196310070827', '朱爱仙', '17003006', '2014-06-18 04:05:35', '2014-06-18 04:05:35');
INSERT INTO `insurance` VALUES ('1177408382290759680', '330722197702204513', '应志远', '1', '13091020123', '????', '1977-02-20', '财产险', '4878', '330725196803040057', '王志燕', 'A3072519610822411X', '孙伟戟', '17003006', '2018-06-07 01:56:30', '2018-06-07 01:56:30');
INSERT INTO `insurance` VALUES ('1177408382357868544', '330722196002062134', '李杰新', '1', '13728957788', '????', '1960-02-06', '旅游险', '6396', '320222197512307598', '王志惠', '330702196310070827', '朱爱仙', '17003006', '2015-06-04 05:50:06', '2015-06-04 05:50:06');
INSERT INTO `insurance` VALUES ('1177408382395617280', '330722198209162810', '应跃', '0', '18603310123', '????', '1982-09-16', '分红险', '1867', '330725196803040057', '王志燕', '330727197202094428', '周竹芳', '17003006', '2014-12-23 03:23:20', '2014-12-23 03:23:20');
INSERT INTO `insurance` VALUES ('1177408382395617281', '330722197702204513', '应志远', '1', '13091020123', '????', '1977-02-20', '健康险', '562', '320222197512307598', '王志惠', '330722196605295914', '程永广', '17003006', '2018-05-14 14:46:40', '2018-05-14 14:46:40');
INSERT INTO `insurance` VALUES ('1177408382429171712', '330722195703104910', '应正时', '1', '18761677888', '????', '1957-03-10', '旅游险', '7873', '339005198110144818', '葛明明', '330702196310070827', '朱爱仙', '17003006', '2018-06-24 04:39:46', '2018-06-24 04:39:46');
INSERT INTO `insurance` VALUES ('1177409019342622720', '330721196312274419', '陈东林', '1', '15819118899', '????', '1963-12-27', '分红险', '8273', '330725196803040057', '王志燕', '612301197811242717', '程烨', '17003004', '2017-07-09 15:45:05', '2017-07-09 15:45:05');
INSERT INTO `insurance` VALUES ('1177409019342622721', '33072219510409671X', '李金暖', '0', '13103710555', '????', '1951-04-09', '财产险', '4795', '330721197801085410', '王志平', '330724197812150715', '陈东东', '17003004', '2018-06-20 21:15:49', '2018-06-20 21:15:49');
INSERT INTO `insurance` VALUES ('1177409019351011328', '330726197610252935', '陈东川', '0', '17661555551', '????', '1976-10-25', '补充医疗险', '5097', '330721197801085410', '王志平', '330702197601286024', '孙霞', '17003004', '2017-01-18 19:13:05', '2017-01-18 19:13:05');
INSERT INTO `insurance` VALUES ('1177409019355205632', '330721196312274419', '陈东林', '1', '15819118899', '????', '1963-12-27', '旅游险', '2087', '330724196402111014', '葛天军', '330722197710053612', '程雄建', '17003004', '2017-10-22 10:24:22', '2017-10-22 10:24:22');
INSERT INTO `insurance` VALUES ('1177409019363594240', '330721196312274419', '陈东林', '1', '15819118899', '????', '1963-12-27', '分红险', '8650', '339005198110144818', '葛明明', '330702197601286024', '孙霞', '17003004', '2018-03-14 14:59:47', '2018-03-14 14:59:47');
INSERT INTO `insurance` VALUES ('1177409019388760064', '330722197702204513', '应志远', '1', '13091020123', '????', '1977-02-20', '旅游险', '6010', '339005198110144818', '葛明明', '330702197601286024', '孙霞', '17003004', '2018-04-01 07:40:31', '2018-04-01 07:40:31');
INSERT INTO `insurance` VALUES ('1177409019447480320', '33072219510409671X', '李金暖', '0', '13103710555', '????', '1951-04-09', '财产险', '1488', '330722197410200027', '程艳敏', '330722196605295914', '程永广', '17003004', '2017-05-07 03:45:32', '2017-05-07 03:45:32');
INSERT INTO `insurance` VALUES ('1177409019464257536', '33072219510409671X', '李金暖', '0', '13103710555', '????', '1951-04-09', '补充医疗险', '9730', '332624196909074431', '王中法', '330702196310070827', '朱爱仙', '17003004', '2017-02-09 22:13:01', '2017-02-09 22:13:01');
INSERT INTO `insurance` VALUES ('1177409019468451840', '330722196002062134', '李杰新', '1', '13728957788', '????', '1960-02-06', '财产险', '7313', '330722197410200027', '程艳敏', '330702197601286024', '孙霞', '17003004', '2018-10-25 09:31:55', '2018-10-25 09:31:55');
INSERT INTO `insurance` VALUES ('1177409019468451841', '330721196312274419', '陈东林', '1', '15819118899', '????', '1963-12-27', '补充医疗险', '6099', '332624196909074431', '王中法', '612301197811242717', '程烨', '17003004', '2018-12-02 05:32:36', '2018-12-02 05:32:36');
INSERT INTO `insurance` VALUES ('1177409576463634432', '330722195703104910', '应正时', '1', '18761677888', '????', '1957-03-10', '补充医疗险', '10128', '339005198110144818', '葛明明', '330722196605295914', '程永广', '17003004', '2017-09-19 04:41:39', '2017-09-19 04:41:39');
INSERT INTO `insurance` VALUES ('1177409576463634433', '330722196002062134', '李杰新', '1', '13728957788', '????', '1960-02-06', '旅游险', '2851', '330722197410200027', '程艳敏', 'A3072519610822411X', '孙伟戟', '17003004', '2016-08-08 03:53:30', '2016-08-08 03:53:30');
INSERT INTO `insurance` VALUES ('1177409576463634434', '330721196312274419', '陈东林', '1', '15819118899', '????', '1963-12-27', '补充医疗险', '1986', '330724196402111014', '葛天军', '330722196605295914', '程永广', '17003004', '2016-01-22 12:36:23', '2016-01-22 12:36:23');
INSERT INTO `insurance` VALUES ('1177409576467828736', '330724196103250014', '李健民', '1', '18835522111', '????', '1961-03-25', '补充医疗险', '7239', '33072419490711561X', '葛世美', '330722195105090424', '朱爱琴', '17003004', '2018-03-17 20:38:26', '2018-03-17 20:38:26');
INSERT INTO `insurance` VALUES ('1177409576467828737', '330722197201063417', '应志军', '1', '13824361777', '????', '1972-01-06', '旅游险', '6057', '330722197410200027', '程艳敏', '330722197710053612', '程雄建', '17003004', '2016-05-23 14:12:33', '2016-05-23 14:12:33');
INSERT INTO `insurance` VALUES ('1177409576505577472', '330721196312274419', '陈东林', '1', '15819118899', '????', '1963-12-27', '分红险', '2932', '320222197512307598', '王志惠', '330724197812150715', '陈东东', '17003004', '2018-03-05 20:35:06', '2018-03-05 20:35:06');
INSERT INTO `insurance` VALUES ('1177409576572686336', '330726197610252935', '陈东川', '0', '17661555551', '????', '1976-10-25', '健康险', '4909', '360211196810085915', '王忠', '330722195105090424', '朱爱琴', '17003004', '2016-11-09 17:07:10', '2016-11-09 17:07:10');
INSERT INTO `insurance` VALUES ('1177409576581074944', '330722198209162810', '应跃', '0', '18603310123', '????', '1982-09-16', '补充医疗险', '4660', '330721197801085410', '王志平', '330702197601286024', '孙霞', '17003004', '2017-12-08 23:51:00', '2017-12-08 23:51:00');
INSERT INTO `insurance` VALUES ('1177409576585269248', '330722196002062134', '李杰新', '1', '13728957788', '????', '1960-02-06', '旅游险', '8654', '330721197801085410', '王志平', 'A3072519610822411X', '孙伟戟', '17003004', '2016-04-16 03:34:34', '2016-04-16 03:34:34');
INSERT INTO `insurance` VALUES ('1177409576585269249', '330722196002062134', '李杰新', '1', '13728957788', '????', '1960-02-06', '分红险', '5941', '330721197801085410', '王志平', '330722195105090424', '朱爱琴', '17003004', '2017-01-27 23:07:56', '2017-01-27 23:07:56');
INSERT INTO `insurance` VALUES ('1177411713826426880', '33072219510409671X', '李金暖', '0', '13103710555', '????', '1951-04-09', '财产险', '5126', '330724196402111014', '葛天军', '612301197811242717', '程烨', '17003003', '2018-04-15 04:44:41', '2018-04-15 04:44:41');
INSERT INTO `insurance` VALUES ('1177411713826426881', '330724196103250014', '李健民', '1', '18835522111', '????', '1961-03-25', '分红险', '10366', '339005198110144818', '葛明明', '330722196905111216', '朱炳进', '17003003', '2018-12-07 05:46:22', '2018-12-07 05:46:22');
INSERT INTO `insurance` VALUES ('1177411713826426882', '330722195703104910', '应正时', '1', '18761677888', '????', '1957-03-10', '旅游险', '6478', '332624196909074431', '王中法', '330722196605295914', '程永广', '17003003', '2017-09-06 03:52:05', '2017-09-06 03:52:05');
INSERT INTO `insurance` VALUES ('1177411713826426883', '330726197610252935', '陈东川', '0', '17661555551', '????', '1976-10-25', '旅游险', '9415', '330724196402111014', '葛天军', '330727197202094428', '周竹芳', '17003003', '2018-12-09 15:01:28', '2018-12-09 15:01:28');
INSERT INTO `insurance` VALUES ('1177411713855787008', '33072219510409671X', '李金暖', '0', '13103710555', '????', '1951-04-09', '健康险', '1843', '33072419490711561X', '葛世美', '330727197202094428', '周竹芳', '17003003', '2017-12-11 02:39:48', '2017-12-11 02:39:48');
INSERT INTO `insurance` VALUES ('1177411713855787009', '330722198209162810', '应跃', '0', '18603310123', '????', '1982-09-16', '分红险', '1217', '330721197801085410', '王志平', '330722196605295914', '程永广', '17003003', '2017-09-12 00:28:03', '2017-09-12 00:28:03');
INSERT INTO `insurance` VALUES ('1177411713910312960', '330726197610252935', '陈东川', '0', '17661555551', '????', '1976-10-25', '财产险', '8237', '330721197801085410', '王志平', '330722196605295914', '程永广', '17003003', '2017-02-14 05:03:28', '2017-02-14 05:03:28');
INSERT INTO `insurance` VALUES ('1177411713994199040', '330726197610252935', '陈东川', '0', '17661555551', '????', '1976-10-25', '分红险', '4710', '339005198110144818', '葛明明', '330702197601286024', '孙霞', '17003003', '2017-11-05 23:45:38', '2017-11-05 23:45:38');
INSERT INTO `insurance` VALUES ('1177411713998393344', '330722195703104910', '应正时', '1', '18761677888', '????', '1957-03-10', '分红险', '8920', '360211196810085915', '王忠', 'A3072519610822411X', '孙伟戟', '17003003', '2016-08-18 20:22:04', '2016-08-18 20:22:04');
INSERT INTO `insurance` VALUES ('1177411713998393345', '330726197610252935', '陈东川', '0', '17661555551', '????', '1976-10-25', '补充医疗险', '2617', '339005198110144818', '葛明明', '330727197202094428', '周竹芳', '17003003', '2016-03-03 01:55:13', '2016-03-03 01:55:13');
INSERT INTO `insurance` VALUES ('1177412474077581312', '330722197702204513', '应志远', '1', '13091020123', '????', '1977-02-20', '旅游险', '7658', '330725196803040057', '王志燕', '330702196310070827', '朱爱仙', '17003001', '2016-07-09 10:09:58', '2016-07-09 10:09:58');
INSERT INTO `insurance` VALUES ('1177412474077581313', '330726197610252935', '陈东川', '0', '17661555551', '????', '1976-10-25', '分红险', '2108', '332624196909074431', '王中法', 'A3072519610822411X', '孙伟戟', '17003001', '2018-07-01 16:35:45', '2018-07-01 16:35:45');
INSERT INTO `insurance` VALUES ('1177412474081775616', '33072219510409671X', '李金暖', '0', '13103710555', '????', '1951-04-09', '健康险', '10254', '339005198110144818', '葛明明', '330702196310070827', '朱爱仙', '17003001', '2017-11-13 17:07:27', '2017-11-13 17:07:27');
INSERT INTO `insurance` VALUES ('1177412474085969920', '330722196002062134', '李杰新', '1', '13728957788', '????', '1960-02-06', '旅游险', '2245', '330721197801085410', '王志平', '330702196310070827', '朱爱仙', '17003001', '2018-12-16 08:18:32', '2018-12-16 08:18:32');
INSERT INTO `insurance` VALUES ('1177412474098552832', '33072219510409671X', '李金暖', '0', '13103710555', '????', '1951-04-09', '分红险', '8083', '330722197410200027', '程艳敏', '330727197202094428', '周竹芳', '17003001', '2018-07-18 11:57:17', '2018-07-18 11:57:17');
INSERT INTO `insurance` VALUES ('1177412474106941440', '330722196002062134', '李杰新', '1', '13728957788', '????', '1960-02-06', '财产险', '9883', '360211196810085915', '王忠', 'A3072519610822411X', '孙伟戟', '17003001', '2016-10-21 23:21:34', '2016-10-21 23:21:34');
INSERT INTO `insurance` VALUES ('1177412474161467392', '330722197201063417', '应志军', '1', '13824361777', '????', '1972-01-06', '补充医疗险', '7418', '330725196803040057', '王志燕', '330722196605295914', '程永广', '17003001', '2016-12-06 01:34:17', '2016-12-06 01:34:17');
INSERT INTO `insurance` VALUES ('1177412474161467393', '330726197610252935', '陈东川', '0', '17661555551', '????', '1976-10-25', '财产险', '7372', '330721195304162615', '王志泽', '612301197811242717', '程烨', '17003001', '2016-10-21 14:31:20', '2016-10-21 14:31:20');
INSERT INTO `insurance` VALUES ('1177412474178244608', '330722197702204513', '应志远', '1', '13091020123', '????', '1977-02-20', '健康险', '10032', '330725196803040057', '王志燕', '330702196310070827', '朱爱仙', '17003001', '2016-04-13 15:57:14', '2016-04-13 15:57:14');
INSERT INTO `insurance` VALUES ('1177412474195021824', '330724196103250014', '李健民', '1', '18835522111', '????', '1961-03-25', '财产险', '1500', '33072419490711561X', '葛世美', '330722196905111216', '朱炳进', '17003001', '2018-12-03 13:00:13', '2018-12-03 13:00:13');
INSERT INTO `insurance` VALUES ('1177417729842483200', '330722195703104910', '应正时', '1', '18761677888', '????', '1957-03-10', '健康险', '8619', '330721195304162615', '王志泽', '330722197710053612', '程雄建', '17003004', '2018-08-12 00:56:22', '2018-08-12 00:56:22');
INSERT INTO `insurance` VALUES ('1177417729842483201', '330722197702204513', '应志远', '1', '13091020123', '????', '1977-02-20', '旅游险', '8257', '330721197801085410', '王志平', '612301197811242717', '程烨', '17003004', '2017-11-15 16:18:22', '2017-11-15 16:18:22');
INSERT INTO `insurance` VALUES ('1177417729842483202', '330722196002062134', '李杰新', '1', '13728957788', '????', '1960-02-06', '财产险', '1429', '320222197512307598', '王志惠', '330702197601286024', '孙霞', '17003004', '2016-09-15 12:11:03', '2016-09-15 12:11:03');
INSERT INTO `insurance` VALUES ('1177417729859260416', '33072219510409671X', '李金暖', '0', '13103710555', '????', '1951-04-09', '旅游险', '2097', '330722197410200027', '程艳敏', '612301197811242717', '程烨', '17003004', '2018-10-06 02:17:11', '2018-10-06 02:17:11');
INSERT INTO `insurance` VALUES ('1177417729867649024', '330722198209162810', '应跃', '0', '18603310123', '????', '1982-09-16', '旅游险', '2541', '332624196909074431', '王中法', '330722197710053612', '程雄建', '17003004', '2016-08-12 22:05:18', '2016-08-12 22:05:18');
INSERT INTO `insurance` VALUES ('1177417729876037632', '33072219730829643X', '李江海', '1', '18751993999', '????', '1973-08-29', '旅游险', '9202', '33072419490711561X', '葛世美', '330702197601286024', '孙霞', '17003004', '2016-01-08 14:48:56', '2016-01-08 14:48:56');
INSERT INTO `insurance` VALUES ('1177417729934757888', '330722197201063417', '应志军', '1', '13824361777', '????', '1972-01-06', '补充医疗险', '10016', '360211196810085915', '王忠', '330727197202094428', '周竹芳', '17003004', '2016-02-15 05:07:31', '2016-02-15 05:07:31');
INSERT INTO `insurance` VALUES ('1177417729985089536', '330724196103250014', '李健民', '1', '18835522111', '????', '1961-03-25', '财产险', '2760', '332624196909074431', '王中法', '330702196310070827', '朱爱仙', '17003004', '2016-11-17 10:18:04', '2016-11-17 10:18:04');
INSERT INTO `insurance` VALUES ('1177417729985089537', '33072219730829643X', '李江海', '1', '18751993999', '????', '1973-08-29', '旅游险', '1490', '339005198110144818', '葛明明', 'A3072519610822411X', '孙伟戟', '17003004', '2016-12-25 18:00:13', '2016-12-25 18:00:13');
INSERT INTO `insurance` VALUES ('1177417729985089538', '330721196312274419', '陈东林', '1', '15819118899', '????', '1963-12-27', '旅游险', '8487', '330721197801085410', '王志平', '330722196905111216', '朱炳进', '17003004', '2017-07-10 01:20:48', '2017-07-10 01:20:48');
INSERT INTO `insurance` VALUES ('1177419375058227200', '330722197702204513', '应志远', '1', '13091020123', '????', '1977-02-20', '旅游险', '4390', '330722197410200027', '程艳敏', '612301197811242717', '程烨', '17003004', '2018-03-14 13:15:04', '2018-03-14 13:15:04');
INSERT INTO `insurance` VALUES ('1177419375058227201', '330722198209162810', '应跃', '0', '18603310123', '????', '1982-09-16', '旅游险', '749', '360211196810085915', '王忠', '330727197202094428', '周竹芳', '17003004', '2017-07-22 18:10:17', '2017-07-22 18:10:17');
INSERT INTO `insurance` VALUES ('1177419375058227202', '330722197702204513', '应志远', '1', '13091020123', '????', '1977-02-20', '财产险', '4733', '33072419490711561X', '葛世美', 'A3072519610822411X', '孙伟戟', '17003004', '2018-05-26 15:56:22', '2018-05-26 15:56:22');
INSERT INTO `insurance` VALUES ('1177419375066615808', '330722195703104910', '应正时', '1', '18761677888', '????', '1957-03-10', '健康险', '10006', '33072419490711561X', '葛世美', '330727197202094428', '周竹芳', '17003004', '2016-12-25 10:12:13', '2016-12-25 10:12:13');
INSERT INTO `insurance` VALUES ('1177419375079198720', '330722198209162810', '应跃', '0', '18603310123', '????', '1982-09-16', '财产险', '4844', '330721195304162615', '王志泽', '330722197710053612', '程雄建', '17003004', '2017-07-04 13:39:14', '2017-07-04 13:39:14');
INSERT INTO `insurance` VALUES ('1177419375083393024', '33072219510409671X', '李金暖', '0', '13103710555', '????', '1951-04-09', '分红险', '7598', '320222197512307598', '王志惠', '330722197710053612', '程雄建', '17003004', '2017-03-02 04:32:59', '2017-03-02 04:32:59');
INSERT INTO `insurance` VALUES ('1177419375142113280', '33072219510409671X', '李金暖', '0', '13103710555', '????', '1951-04-09', '分红险', '6641', '33072419490711561X', '葛世美', '330722196605295914', '程永广', '17003004', '2017-01-17 15:15:43', '2017-01-17 15:15:43');
INSERT INTO `insurance` VALUES ('1177419375142113281', '330722198209162810', '应跃', '0', '18603310123', '????', '1982-09-16', '旅游险', '6686', '330725196803040057', '王志燕', '330724197812150715', '陈东东', '17003004', '2018-12-22 22:05:06', '2018-12-22 22:05:06');
INSERT INTO `insurance` VALUES ('1177419375158890496', '330722195703104910', '应正时', '1', '18761677888', '????', '1957-03-10', '健康险', '4629', '330724196402111014', '葛天军', '612301197811242717', '程烨', '17003004', '2017-05-25 05:29:38', '2017-05-25 05:29:38');
INSERT INTO `insurance` VALUES ('1177419375158890497', '33072219510409671X', '李金暖', '0', '13103710555', '????', '1951-04-09', '健康险', '1589', '330721197801085410', '王志平', '330722197710053612', '程雄建', '17003004', '2016-04-13 02:04:06', '2016-04-13 02:04:06');
INSERT INTO `insurance` VALUES ('1177420590533971968', '330724196103250014', '李健民', '1', '18835522111', '????', '1961-03-25', '补充医疗险', '8529', '33072419490711561X', '葛世美', '330722196605295914', '程永广', '17003005', '2016-06-21 08:01:37', '2016-06-21 08:01:37');
INSERT INTO `insurance` VALUES ('1177420590533971969', '330722197702204513', '应志远', '1', '13091020123', '????', '1977-02-20', '旅游险', '4996', '332624196909074431', '王中法', '330722196605295914', '程永广', '17003005', '2016-06-17 19:16:29', '2016-06-17 19:16:29');
INSERT INTO `insurance` VALUES ('1177420590533971970', '330724196103250014', '李健民', '1', '18835522111', '????', '1961-03-25', '健康险', '2692', '332624196909074431', '王中法', '330722196905111216', '朱炳进', '17003005', '2017-05-07 06:21:13', '2017-05-07 06:21:13');
INSERT INTO `insurance` VALUES ('1177420590546554880', '330726197610252935', '陈东川', '0', '17661555551', '????', '1976-10-25', '健康险', '1594', '360211196810085915', '王忠', '330722197710053612', '程雄建', '17003005', '2018-07-19 09:46:18', '2018-07-19 09:46:18');
INSERT INTO `insurance` VALUES ('1177420590559137792', '330722195703104910', '应正时', '1', '18761677888', '????', '1957-03-10', '补充医疗险', '1856', '33072419490711561X', '葛世美', '612301197811242717', '程烨', '17003005', '2018-01-03 16:08:43', '2018-01-03 16:08:43');
INSERT INTO `insurance` VALUES ('1177420590563332096', '330724196103250014', '李健民', '1', '18835522111', '????', '1961-03-25', '财产险', '3723', '320222197512307598', '王志惠', '612301197811242717', '程烨', '17003005', '2018-05-01 07:40:24', '2018-05-01 07:40:24');
INSERT INTO `insurance` VALUES ('1177420590626246656', '330724196103250014', '李健民', '1', '18835522111', '????', '1961-03-25', '旅游险', '6882', '330722197410200027', '程艳敏', '330724197812150715', '陈东东', '17003005', '2017-07-06 07:07:45', '2017-07-06 07:07:45');
INSERT INTO `insurance` VALUES ('1177420590626246657', '330721196312274419', '陈东林', '1', '15819118899', '????', '1963-12-27', '旅游险', '6672', '360211196810085915', '王忠', '330724197812150715', '陈东东', '17003005', '2016-09-07 23:41:45', '2016-09-07 23:41:45');
INSERT INTO `insurance` VALUES ('1177420590626246658', '33072219510409671X', '李金暖', '0', '13103710555', '????', '1951-04-09', '分红险', '2827', '33072419490711561X', '葛世美', '330727197202094428', '周竹芳', '17003005', '2016-02-17 10:15:18', '2016-02-17 10:15:18');
INSERT INTO `insurance` VALUES ('1177420590626246659', '330722197702204513', '应志远', '1', '13091020123', '????', '1977-02-20', '补充医疗险', '4116', '330722197410200027', '程艳敏', '330702197601286024', '孙霞', '17003005', '2016-10-05 07:42:47', '2016-10-05 07:42:47');
